Vx,Vy,Ax,Ay,yawrate,Steer_SW
50,0,-0.124055802977693,-2.65930875780877e-16,0,0.28348846277985
49.9967213844711,-0.00128668695802872,-0.173228478429217,0.146107774925656,0.0139457869175723,0.198967534727354
49.9931192485997,0.0144696194200445,-0.183726831669306,0.612475925213932,0.158417578159927,0.327715656680975
49.9890030810709,0.0402892156487719,-0.191062614460014,0.897887070331782,0.431539409163008,0.350881706251623
49.9846802959445,0.0705943003892484,-0.19300492610789,1.05892882892108,0.780568666275081,0.373166643034249
49.9802930581344,0.102085366224599,-0.195213958913913,1.1603164250562,1.17773901568675,0.394236592500648
49.9758468157967,0.132978845848507,-0.197993635356928,1.23563681781929,1.60741397533949,0.413898350018178
49.9713295448414,0.161969488460032,-0.200138527283149,1.28401713452376,2.05718522282477,0.432040254538642
49.966758656689,0.187975452954939,-0.201652386740151,1.31516282262403,2.51425767541806,0.448624374355536
49.9621620911717,0.21060535629508,-0.202903275574194,1.33861350553615,2.96946798303659,0.463668171200212
49.9575479028863,0.229725404295586,-0.203774255080214,1.36066168506189,3.41531572449068,0.477226845156476
49.9529380805385,0.245499351706748,-0.204396874362629,1.38470981551897,3.84619767647593,0.489380167768737
49.9483273562342,0.258198902184952,-0.20517706468008,1.41260931782579,4.25837857757963,0.500220797029618
49.9437171614894,0.268203245246692,-0.205763891444749,1.44564523727369,4.64911318481277,0.509846488865319
49.9391109175963,0.275931323902752,-0.206260202141075,1.48372156957878,5.01652981954638,0.518355041944538
49.9345080827903,0.281801160262649,-0.206691090045154,1.52612576504992,5.35950250496629,0.525840846019548
49.9299075680627,0.286203538459842,-0.207076315199051,1.57177986607928,5.67749761002821,0.532392917036045
49.9253080911373,0.289486835376061,-0.207438934204305,1.61942928190652,5.97045552934094,0.538093995501782
49.9207084634917,0.291948292697871,-0.207796739234137,1.66777461809715,6.23870212321038,0.54302034774513
49.916107811229,0.293830889092555,-0.208159473992034,1.71557574161794,6.48288264850015,0.547241967869047
49.9115056724765,0.295324227158087,-0.20853090972659,1.76172816245186,6.70390737448126,0.550822967936374
49.9069020106477,0.296568454311986,-0.20890867774983,1.80531652481701,6.90290114593276,0.553822040106314
49.902297183456,0.297660237206755,-0.209283989703204,1.84564353232423,7.08115201871952,0.556292927603369
49.8976918816342,0.298659962828073,-0.209645591212467,1.8822367356693,7.24005798054511,0.558284882702858
49.8930870403657,0.299599398547656,-0.209982506224783,1.91483719434523,7.38107385157462,0.559843109286727
49.8884837448929,0.300488700399471,-0.210287493262146,1.94327146085399,7.50566902010056,0.561009184674702
49.8838840061789,0.301312899549223,-0.210507896987684,1.9674393446344,7.6154267595263,0.561821296603929
49.8792896013946,0.302045552966983,-0.210698551327955,1.98739463521136,7.71188563713073,0.562314338637163
49.8747005259258,0.30266206536802,-0.210854385449301,2.00401701708001,7.79639336048066,0.562520236845137
49.8701172966451,0.303149160898217,-0.210970124862264,2.01766238511723,7.87003044429248,0.562468701435792
49.865540365112,0.303500135242352,-0.211052191513538,2.02885336984483,7.93380551706935,0.562187530282541
49.860969980593,0.303718226903114,-0.21110796416769,2.03800907040565,7.98868717987812,0.561702478784079
49.8564060514935,0.30380941150199,-0.21113562839958,2.04541498718373,8.03556037461734,0.561037241159391
49.8518485572438,0.303781394815275,-0.211135752499731,2.05129677028105,8.07522170778102,0.560213585027574
49.8472974997368,0.303642542346117,-0.211109832306777,2.05583963280575,8.10838299539909,0.559251529338927
49.8427528877943,0.303401328136611,-0.211059858657948,2.05919866548728,8.13567899014927,0.558169527659641
49.8382147301535,0.303066033980986,-0.210988046119588,2.06150578942715,8.15767613935491,0.556984639094013
49.8336830316716,0.302644600395992,-0.210896362617909,2.06287517925275,8.17488110092871,0.555712680442944
49.8291577926695,0.302144582576373,-0.210786853567723,2.06340723893436,8.1877485703278,0.55436835619905
49.8246390007465,0.301573183116886,-0.210662477677979,2.06319308468214,8.19668851235742,0.552965366412012
49.8201266254745,0.30093734180131,-0.210525345609778,2.0623168662594,8.20207251206871,0.551516498102182
49.8156206185214,0.300243842434448,-0.210377148223239,2.06085729325647,8.20423904174829,0.550033696593174
49.8111209122416,0.299499425049713,-0.210219365379025,2.05888888993109,8.20349798679503,0.548528119697566
49.8066274173476,0.298710890052407,-0.210053634820102,2.05648280179434,8.20013464541297,0.547010178301474
49.8021400183646,0.297885182505998,-0.209881479031779,2.05370705693085,8.19441320477942,0.545489564559797
49.7976585760503,0.297029452145248,-0.209703383948577,2.05062580769171,8.18657973383255,0.543975271319515
49.7931829300124,0.296151050036651,-0.209520416195426,2.04729874575691,8.17686477521467,0.542475605932414
49.7887128970396,0.29525745925244,-0.209333910187241,2.04378058775149,8.16548574377483,0.540998197782831
49.7842482720049,0.294356189337125,-0.209145214061239,2.04012025968857,8.15264877935034,0.539550003698903
49.7797888307325,0.293454653835282,-0.208955645335121,2.03636092945347,8.13855004579492,0.538137312682777
49.7753343334417,0.292560041562066,-0.208766482320096,2.03254022272678,8.12337659070633,0.536765752072626
49.7708845283265,0.291679191528271,-0.208578954679618,2.02869058526053,8.10730685136077,0.535440296692011
49.7664391550852,0.290818480559005,-0.208394229717781,2.02483976378579,8.09051088724801,0.534165281812236
49.7619979482702,0.289983730270953,-0.208213397300865,2.02101135494215,8.07315040835875,0.532944420203975
49.757560640286,0.289180136962017,-0.208037457491123,2.01722539265239,8.05537865917307,0.53178082317307
49.7531269640908,0.288412227310265,-0.207867313137124,2.01349894489568,8.03734022197551,0.53067702520086
49.7486966554316,0.287683838406493,-0.20770376491472,2.00984664541426,8.01917078491352,0.529635011633032
49.744269454683,0.286998119240958,-0.207547508768966,2.00628114465448,8.00099690907538,0.528656248819805
49.7398451083331,0.286357550080633,-0.207399135469629,2.00281347359117,7.98293582314281,0.527741716112955
49.7354233701592,0.285763975844542,-0.207259131640169,1.99945332162321,7.96509526706805,0.526891939154597
49.7310040021427,0.285218649664799,-0.207127881906245,1.9962092361021,7.94757339968833,0.526107023936772
49.72658677517,0.284722283136564,-0.207005672003509,1.99308875515613,7.93045877937052,0.525386691165622
49.7221714695632,0.284275100219652,-0.206892692785998,1.99009848745063,7.9138304218633,0.5247303105192
49.7177578754747,0.283876892281194,-0.206789045092401,1.987244152806,7.89775793550394,0.524136934449113
49.7133457931736,0.28352707230773,-0.206694745393871,1.98453059667892,7.882301730705,0.523605331230616
49.7089350332463,0.283224726827817,-0.206609732098965,1.98196178984561,7.86751329814207,0.523134017020515
49.7045254167253,0.282968664548396,-0.206533872352015,1.97954082257715,7.85343554820697,0.522721286731347
49.7001167751572,0.282757461104739,-0.206466969143043,1.97726990043079,7.84010320302632,0.522365243571625
49.6957089506184,0.282589499648544,-0.206408768551569,1.97515034669265,7.82754323162099,0.522063827143368
49.6913017956835,0.282463007250629,-0.206358966964088,1.97318261460852,7.81577531854401,0.521814840016633
49.6868951733495,0.282376087277852,-0.206317218137945,1.97136631091678,7.80481235651132,0.521615972731808
49.6824889569182,0.2823267480255,-0.206283140013098,1.96970023087556,7.79466095405741,0.521464827200624
49.6780830298411,0.28231292795567,-0.206256321205849,1.96818240397553,7.78532195001668,0.521358938497402
49.673677285525,0.282332517919482,-0.206236327144222,1.96681014882584,7.77679092757191,0.521295795048739
49.6692716271035,0.282383380736274,-0.206222705824743,1.96558013527611,7.76905872164135,0.521272857238887
49.6648660020041,0.282463472028019,-0.206214624899214,1.96448415080302,7.76211168918509,0.521287574741152
49.6604603382155,0.282569892991489,-0.2062102457799,1.96349033737018,7.75592582105769,0.521337418596061
49.6560546267482,0.282699226697244,-0.206208795557715,1.96258601995534,7.75046744270119,0.521419940030227
49.6516488731819,0.282848233536158,-0.206210201481266,1.96176835706148,7.74569961024592,0.521532798730244
49.647243074113,0.283013974866469,-0.2062142784501,1.96103727333811,7.74158414846428,0.52167377073703
49.6428372211392,0.283193885756899,-0.206220826848079,1.96039332760056,7.73808285654858,0.521840747087504
49.6384313024055,0.283385778703518,-0.20622964666001,1.95983679757695,7.73515819982929,0.522031728206463
49.6340253034901,0.283587816163361,-0.206240540650462,1.95936729025859,7.73277375339816,0.522244816490395
49.6296192081068,0.283798469335785,-0.206253314470195,1.9589836077659,7.7308944974737,0.522478208282818
49.6252129987626,0.284016472163306,-0.206267776333173,1.958683749669,7.72948700667124,0.522730185914615
49.6208066573836,0.284240775371188,-0.206283736770986,1.95846498274553,7.72851955458219,0.522999110217117
49.6164001658789,0.284470503174228,-0.206301009069577,1.95832395244829,7.72796214836468,0.523283413763573
49.611993506668,0.284704914861607,-0.206319407459766,1.95825679809921,7.72778650976684,0.523581594970977
49.6075866631374,0.284943371797927,-0.206338750755368,1.95825931219401,7.72796601407346,0.523892213032575
49.6031796200413,0.285185310214711,-0.206358839460611,1.95832710844627,7.72847561402148,0.524213883769753
49.5987723638361,0.285430220214797,-0.206379531543105,1.95845567800716,7.72929174513386,0.524545276313457
49.5943648824964,0.285677630256869,-0.206400707749476,1.95864051306481,7.73039222152872,0.524885110467942
49.5899571656472,0.285927096481655,-0.206422237037,1.95887721038225,7.73175612539243,0.525232154665779
49.5855492046907,0.286178195761563,-0.206444006604974,1.959161527822,7.73336369517327,0.525585224329749
49.5811409926884,0.286430521650039,-0.206465932070104,1.95948942314335,7.73519621124176,0.525943180578793
49.5767325244419,0.286683682944881,-0.206487872690052,1.95985704356432,7.73723588238624,0.526304929265948
49.5723237966968,0.286937303224518,-0.206509728740601,1.96026073189701,7.7394657441853,0.526669420439019
49.5679148079522,0.287191020423686,-0.206531428623759,1.96069700241021,7.74186958152774,0.527035647910724
49.5635055583172,0.287444486718106,-0.206552918348828,1.96116252010338,7.74443186340229,0.527402648860783
49.5590960494249,0.28769736909357,-0.206574153849801,1.9616541463781,7.74713769304279,0.527769503446583
49.5546862843732,0.287949350297111,-0.206595100266642,1.96216888552042,7.74997276622735,0.528135334498405
49.5502762676821,0.288200129124458,-0.206615728082419,1.96270385230291,7.75292332391529,0.528499307208274
49.5458660052879,0.288449420259842,-0.206636010336517,1.96325625769255,7.75597610660524,0.528860628813558
49.541455504549,0.288696953959388,-0.206655921308072,1.963823401788,7.75911831493174,0.529218548303171
49.5370447742468,0.288942475739049,-0.206675436043801,1.964402669634,7.76233757793424,0.529572356147177
49.5326338245764,0.289185746107733,-0.206694530198119,1.96499152743079,7.76562192854959,0.52992138403341
49.5282226671272,0.289426540316484,-0.206713179890202,1.96558751836041,7.76895978514018,0.530265004594695
49.523811314855,0.289664648074422,-0.206731361479376,1.96618825829832,7.77233993786471,0.530602631109405
49.5194013989713,0.289906001991738,-0.206730933148369,1.96670987060121,7.77575113546406,0.530365421423749
49.5150002647748,0.290127957509143,-0.206554478771605,1.96424987318869,7.77875228685989,0.525924107956663
49.5106175611283,0.29012530567202,-0.205887136312459,1.95332199439348,7.7792352764734,0.51665047613447
49.5062729639294,0.289510999947832,-0.204477022414478,1.9279531098105,7.77307227189162,0.502578868146202
49.5019875009558,0.287740488755366,-0.202260286115971,1.88473195598223,7.75434822068342,0.483772863661648
49.4977843427294,0.284330290006987,-0.199467177348032,1.82570398678485,7.71698732604557,0.460330970412255
49.4936803624802,0.278975354306738,-0.196326617667961,1.75369136639918,7.65590941559678,0.432383071865095
49.489679549718,0.27146494747152,-0.192966142663345,1.67019025370298,7.56674771610855,0.400085930254631
49.4857846191799,0.26165278897116,-0.189508756911077,1.57520172658567,7.44535549392323,0.363631007849483
49.4819922596185,0.249542356296291,-0.18614518809728,1.47317089698256,7.2888339642375,0.323237518692052
49.4782927184506,0.235212130270445,-0.182934599302737,1.36402829391075,7.09520964605222,0.279136340254339
49.4746756158039,0.218759308783151,-0.179946985873843,1.24737571391938,6.86281052830703,0.231567195588764
49.4711328337112,0.200262758276343,-0.177173817828466,1.11830825534883,6.58965848484355,0.180778648610255
49.4676383625429,0.179429527039263,-0.174824047299762,0.972749439320993,6.27176260183473,0.127036717905028
49.4641742857342,0.156277673567343,-0.173416670702051,0.814839476318484,5.9066728962588,0.0706285761786336
49.4607300777843,0.130769820172537,-0.172136038199159,0.645278209895906,5.49218330216261,0.0118612766200372
49.4572550660463,0.1029945445718,-0.172272719353212,0.465115794962346,5.02753396173056,-0.0489437783155986
49.453717743687,0.0730344331271882,-0.173440739558866,0.274697859803571,4.51206909242573,-0.111458784924343
49.4500804229515,0.0410039310394444,-0.175787884339364,0.0749077148257969,3.94575584070462,-0.175350427104839
49.4463035746391,0.00704907564294892,-0.179391222953685,-0.133183007319967,3.32916866750359,-0.240282734869924
49.442348186205,-0.0285698548589417,-0.18421458686477,-0.342868324105086,2.66432928858403,-0.305921079000844
49.4381782936244,-0.0655067653780265,-0.190282743142669,-0.556993160030986,1.95479929510066,-0.371939572904652
49.4337580675984,-0.103519241451819,-0.197559583393687,-0.77496963246755,1.20334152510279,-0.438009088650694
49.4290555148807,-0.142378388497891,-0.205990525750882,-0.995959474357514,0.413871804865073,-0.50380819730247
49.4240418585867,-0.181807837357927,-0.215437696332963,-1.21656011863727,-0.409587175364716,-0.56903090816125
49.4186971775186,-0.221307414423963,-0.225584779197432,-1.42686905500437,-1.26102904510939,-0.633391237231376
49.41301023798,-0.260431764835469,-0.236511318575444,-1.63515293086751,-2.13436980855602,-0.696635255912696
49.4069641148002,-0.298919355033947,-0.248035167063548,-1.84146259300686,-3.0251076535753,-0.758531955000465
49.4005562984889,-0.336565968279528,-0.259959946814666,-2.04529273739042,-3.92883807101045,-0.818866463262352
49.3937778514202,-0.373171314073979,-0.272406180150742,-2.24603324066507,-4.84097864131238,-0.877435470257106
49.3866293123506,-0.408470614819051,-0.284980698236785,-2.43868556897091,-5.75615075947902,-0.934055386457677
49.3791161033314,-0.442271179138192,-0.297681862214873,-2.6261197773665,-6.66931607669003,-0.98856708571592
49.3712468823955,-0.474415854115212,-0.310855403633648,-2.81045308836772,-7.57554429143656,-1.04083362098208
49.3630313862997,-0.504944820460993,-0.322919306658935,-2.99347556356333,-8.47070301009191,-1.09073644121418
49.3544789048038,-0.533886835860938,-0.335723322753928,-3.17324080813162,-9.35158578198824,-1.13817085126025
49.3455959877982,-0.561293272278038,-0.348194151074864,-3.34997639780965,-10.2147041596991,-1.18304131047561
49.3363991893154,-0.587223374210208,-0.360316069408739,-3.52174400315471,-11.0565648744771,-1.22525933203693
49.3269138319962,-0.611672226972957,-0.372031298058104,-3.68744373441167,-11.8732156819939,-1.26475138678276
49.3171542129354,-0.634711609824498,-0.383318345313929,-3.84809132122946,-12.6617601190591,-1.30145983611275
49.3071437698135,-0.656402362413188,-0.394090324716949,-4.00219987535043,-13.4202178738356,-1.33533843050275
49.2969052462898,-0.676776190181135,-0.40422187677963,-4.14792649909305,-14.1471255618264,-1.36635010666124
49.2864654111167,-0.695772601414728,-0.413535737439853,-4.28309280259949,-14.8411135329919,-1.39446682417168
49.2758569284874,-0.713398625656243,-0.422181155015778,-4.41047039042028,-15.5005226150334,-1.41966746375111
49.2651012992087,-0.729676890351175,-0.4299826547616,-4.52926887154903,-16.1242761807527,-1.44193293411132
49.2542309821289,-0.744633405532384,-0.43692030857227,-4.63864849805721,-16.7116654479986,-1.46125120475968
49.2432743646138,-0.75821994179913,-0.442919283304324,-4.73641237988427,-17.2627647808729,-1.47761690820046
49.2322628475656,-0.770387101864835,-0.447897355122208,-4.82403041156104,-17.7776198892364,-1.49102980829581
49.2212270023249,-0.781043799681692,-0.451784878660542,-4.89781640903668,-18.2568542466434,-1.50149537992501
49.2101988496432,-0.790066566091371,-0.454608794560396,-4.96106867214921,-18.701404855338,-1.5090219925779
49.1992093263472,-0.797418603791488,-0.456351805151057,-5.01421571750211,-19.1109438243223,-1.51362135181593
49.1882880158129,-0.803070092707175,-0.456993880711623,-5.05741267878264,-19.4851267757424,-1.51530896821496
49.1774552414813,-0.806991830239889,-0.456605648528833,-5.09163310977875,-19.8236690323455,-1.5141065784732
49.1667356905694,-0.809268980139246,-0.45569048976218,-5.11983255602969,-20.1270653496722,-1.51003990465576
49.156142283797,-0.809991867692181,-0.454100913389595,-5.1402209333568,-20.3964967674676,-1.50313434965018
49.1456976080621,-0.80917315181743,-0.451354494846102,-5.15160854332475,-20.6325392620728,-1.49341536534284
49.1354339968289,-0.806723480933359,-0.446874768655897,-5.14938594125296,-20.8338705792573,-1.48091538026383
49.1253869811309,-0.802343263387046,-0.440587276718364,-5.12983765814448,-20.998018029295,-1.46568203742843
49.1155962358851,-0.795894936524829,-0.433399253430606,-5.10143106851465,-21.124756233531,-1.44777652468608
49.1060820856205,-0.787491738722241,-0.425602725464873,-5.06703002187474,-21.2138935370329,-1.42726578389633
49.0968471207072,-0.777202899318659,-0.416988501096335,-5.02388254874275,-21.264897525311,-1.40422124698523
49.0879107561353,-0.765110277370641,-0.407828122692138,-4.97455112466659,-21.2771815692936,-1.37872155450305
49.0792681219754,-0.751325529371572,-0.398118515950257,-4.91912353312254,-21.2507614434944,-1.35084976612788
49.0709288548402,-0.735990587007461,-0.387991627180082,-4.85772173429178,-21.185901245053,-1.3206914508045
49.062893091916,-0.719223908017268,-0.377494305582206,-4.79015661678376,-21.0829229171531,-1.28833227313916
49.0551624188613,-0.701142560704801,-0.366708009284622,-4.71643545994803,-20.9422801962315,-1.25385617923011
49.0477358815745,-0.681855398722986,-0.355648088412575,-4.63606980228842,-20.764524025159,-1.21734807734577
49.0406164254858,-0.66135530357449,-0.344144404780169,-4.54477453418827,-20.5494200661938,-1.17889567887842
49.0338087636648,-0.639627282977815,-0.332474856559692,-4.4449200821819,-20.2966273248472,-1.13859407554892
49.027305254492,-0.616764321037678,-0.320852643910798,-4.34005471738754,-20.0067944463734,-1.09654305924842
49.0210956595448,-0.592901724919811,-0.309307837739314,-4.23018591654262,-19.6810751446614,-1.05284153447334
49.0151735405237,-0.568171029884203,-0.297827846268247,-4.11520929891816,-19.3207025552531,-1.00758655337988
49.0095264264528,-0.542685607702047,-0.286682653265921,-3.99511393129343,-18.9268734673499,-0.960873938062947
49.0041402693425,-0.516551744819494,-0.275834969448011,-3.8699858635993,-18.5008497978556,-0.912797454627432
48.999001363662,-0.489839745244265,-0.265179549714231,-3.73662665107784,-18.0436710626193,-0.863448600551083
48.994108959999,-0.46245141861579,-0.254748652142619,-3.59447125636594,-17.5546650972701,-0.812922248115122
48.9894411215999,-0.434459470690985,-0.244844062067027,-3.44849694354258,-17.0348352542681,-0.761318496057096
48.9849813252384,-0.406012263449635,-0.235514380644265,-3.29958454832707,-16.4857531120381,-0.70873382566722
48.9807077978417,-0.377259666717361,-0.226824491458996,-3.14824241251756,-15.909136818415,-0.655260313179557
48.9765984078429,-0.348367485559881,-0.218846662238503,-2.99572035229459,-15.3069441687033,-0.600989166971561
48.9726337495154,-0.319542464256786,-0.211601144386991,-2.84285229724676,-14.6815305787301,-0.546004834764813
48.968792223214,-0.290939329447043,-0.204970101882353,-2.68738214946694,-14.0349985375893,-0.490382198270626
48.9650580662539,-0.262582677717749,-0.198897816697936,-2.52755808161398,-13.3682494877715,-0.434190888427411
48.9614155271759,-0.234535596586296,-0.193429808685392,-2.36415258071844,-12.6827749548828,-0.377498451306961
48.9578555462982,-0.206724247637765,-0.188437738651224,-2.19150013573575,-11.9817047027285,-0.320365791347852
48.9543525847342,-0.178845116436457,-0.183959636211913,-2.009389882137,-11.2648938799026,-0.262851822668905
48.9509007860901,-0.150819565641873,-0.18016700958579,-1.82151065478937,-10.5318141378145,-0.205021148184442
48.9474760666547,-0.122592481680729,-0.177373995992802,-1.6286823474609,-9.78237325428132,-0.146941062521539
48.9440609323105,-0.0941206351596596,-0.174566047119576,-1.4303299629641,-9.01633590034883,-0.0886812412964324
48.9406391796862,-0.0654166645712996,-0.173353492128585,-1.22934907428029,-8.23401765570569,-0.0303135888488028
48.9371776265959,-0.0365039322792137,-0.17286860788955,-1.02469312179564,-7.43583698258961,0.0280913099646537
48.9336534257279,-0.00740139367709994,-0.173275671227533,-0.81687071953706,-6.62218398655627,0.0864636974240863
48.9300427392701,0.0218591024951662,-0.174585916019621,-0.606336210457782,-5.79358363825419,0.144735032371783
48.9263219245109,0.0512989499904742,-0.176810791609897,-0.389589093384584,-4.95165946061073,0.202835586332717
48.9224676141556,0.0809970455619906,-0.179915371650342,-0.171045231258689,-4.09907602316846,0.260696554891976
48.9184584838509,0.110795691352839,-0.183841826296294,0.0441957849286039,-3.23794275667526,0.318256856757979
48.9142743290034,0.14058816749108,-0.188606072843978,0.25999937757979,-2.37009731048044,0.375466704303255
48.9098951841305,0.170320420123005,-0.194204453402096,0.475766625611997,-1.49667704142547,0.432283124521656
48.9053020862351,0.199942614331491,-0.200612895907939,0.691354660530367,-0.618994710121098,0.488669016526319
48.9004769205692,0.229401681869031,-0.207797116086042,0.906301770986301,0.261831165080198,0.544593271990641
48.8954027211499,0.258644894659356,-0.215721782550504,1.12002936440013,1.14468833747285,0.600029208485232
48.8900653579535,0.287562848753808,-0.224212483916977,1.32951223644124,2.02658734452224,0.65495298932985
48.8844567990344,0.316061138094034,-0.233370888336726,1.53710255832307,2.90415602446563,0.709356347914169
48.87855902865,0.344139832525617,-0.243150057100797,1.74433429675366,3.77645610790813,0.763240423758132
48.87236067862,0.371849832415428,-0.253587327820883,1.95134037532393,4.6428354981071,0.816609489672871
48.8658501242992,0.399234344977533,-0.264556276386167,2.15796327949594,5.50264410457621,0.869470418287605
48.8590113763429,0.426344424474632,-0.276283348182687,2.36408678347933,6.35521493900281,0.921832396755105
48.851830720261,0.453149026964642,-0.288641501415782,2.56531975634002,7.19922846072198,0.973707912015486
48.8443006719499,0.479682060845971,-0.300923329719772,2.76618159280079,8.03319288142481,1.02511250061817
48.8364200876157,0.505902017412101,-0.314445011224318,2.96314262555729,8.85579206060186,1.07606448946668
48.8281635642591,0.531891442340842,-0.328351656044575,3.16045900980764,9.66683101268449,1.12658532985917
48.8195220678675,0.557764242469204,-0.342813719145519,3.3578798238378,10.4661602465123,1.176696918832
48.8104834491485,0.583624041323593,-0.357850096726883,3.55456256022821,11.2537767539969,1.22642030623496
48.8010359726869,0.609468860199969,-0.373207739270989,3.74574441886868,12.0290693505209,1.2757771931128
48.7911823358443,0.635290450064988,-0.3892085232374,3.93468964656377,12.7917675669321,1.32479406981488
48.7808971255588,0.661095754853113,-0.405582968599888,4.12046326887044,13.5427615519442,1.37349256211065
48.7701832604471,0.68675969542267,-0.422256323475007,4.29840075768293,14.2824304320677,1.42188370697921
48.759032554289,0.712264923516064,-0.439515457190309,4.47497122246841,15.0112465226561,1.46997912358237
48.7474291840943,0.737641699411256,-0.457218624656704,4.65006037304855,15.7298710934603,1.51778875433919
48.7353707743953,0.762828238673293,-0.475008726029495,4.81776717583518,16.4381093394885,1.56532142671902
48.7228570186999,0.787785572726416,-0.493325770439857,4.98380134832433,17.1359312233255,1.61259016139837
48.7098694765854,0.812493932291214,-0.512047105320364,5.14678454044868,17.8247271120511,1.65960597485898
48.6964013037973,0.836955899762629,-0.531031570348238,5.30605542228012,18.5055503481573,1.70637453647198
48.6824588874901,0.860954726317581,-0.549989155077968,5.45563103933415,19.1782924334206,1.75289764992219
48.6680331589853,0.884348665545866,-0.569152031764142,5.60070722479042,19.8441333868089,1.79917648171352
48.6531336517179,0.907026151457861,-0.588425178294546,5.74220553090886,20.5019790320738,1.84521458242476
48.6377445762278,0.929003288228003,-0.60810378483367,5.88268807871231,21.152276417919,1.89101794419699
48.6218592060209,0.950338289020791,-0.628059854054717,6.02283934235444,21.7955299729632,1.93658982138588
48.6054637960367,0.971073076319121,-0.648490566098393,6.16126006018049,22.4323276904929,1.98193034353518
48.5885533199024,0.991095388319463,-0.668373732737312,6.29043040061842,23.0627668899628,2.02703723286748
48.5711645548114,1.01013215977544,-0.68789621831582,6.41300129912296,23.683783489734,2.07191259566262
48.5532792250315,1.02815631868249,-0.707835881468339,6.53359365842646,24.2955902618429,2.11655923971311
48.5348804603157,1.04520616401213,-0.728298875283739,6.65422495305933,24.901532332976,2.16097069517992
48.5159570071322,1.06131779089969,-0.74889906181707,6.77344148027573,25.5019307434257,2.20513178943227
48.4965052041964,1.07648694857457,-0.769337880214176,6.88923952159907,26.0960854281512,2.24902792660999
48.4765396144046,1.09059061173839,-0.789083663758166,6.99807021150314,26.6818891518487,2.29265070210077
48.4560809658873,1.10349499854006,-0.808676054860766,7.10317343933988,27.2568053230896,2.33600470214824
48.4351134643762,1.11524946667002,-0.828532776487469,7.20781315937506,27.8212984866543,2.37909649347019
48.413625834807,1.12594726779121,-0.848661608816126,7.31237223446085,28.3760018924011,2.42191981898612
48.3916092019721,1.13561911852741,-0.868498949994641,7.41179386047174,28.920925219328,2.46446373247776
48.3690673829697,1.14411989893617,-0.888411304527313,7.50718897490609,29.4578835212728,2.50671723413336
48.345998026808,1.15139210809989,-0.907616606054654,7.59630487277209,29.9868944472675,2.5486646287712
48.3224193578264,1.15734234522363,-0.92679123758097,7.68415815751765,30.5062077263684,2.59029799396642
48.2983148930637,1.16205793296355,-0.946019344063119,7.77061653784534,31.0159785886083,2.63161102784076
48.2736861483557,1.16553393163008,-0.965065222839411,7.85499986371184,31.5160096872398,2.67259607503166
48.2485222210397,1.16785887137475,-0.984263888448245,7.93993321329627,32.0061315034636,2.71323867410126
48.222812797541,1.16913202778915,-1.00318457954419,8.02261898154492,32.4862685023012,2.7535168593395
48.1965773547482,1.16926519471458,-1.02143150562444,8.0997273795302,32.9546823192812,2.79341261864736
48.169819534129,1.16812518883477,-1.0392789891657,8.16916658876108,33.4127130430005,2.83291297596118
48.1425374813747,1.16568178871393,-1.05724604364626,8.23882886428512,33.8613418226826,2.87200074447544
48.1147173510639,1.1620360170811,-1.07528684670625,8.30859273805285,34.3006623280928,2.91065610693624
48.0863490191064,1.15725936016052,-1.09323157343625,8.3766536568171,34.7311236771836,2.94885687735775
48.0574496740439,1.15126541702446,-1.10993586952402,8.437773681264,35.1513961258025,2.98657715781568
48.0280343003384,1.14403640438883,-1.12655643863929,8.49866830880311,35.5601316908628,3.02378964387935
47.9980909129136,1.13568533587947,-1.14312748752181,8.55967522266683,35.9573112826812,3.06046605429529
47.9676129536477,1.1263257339929,-1.15961004712243,8.62004419958718,36.342968596751,3.09657660174142
47.9365907114545,1.11593061225381,-1.17596011248363,8.67476719598259,36.7192926642203,3.13208822081847
47.905040227454,1.10437303574538,-1.19129085662656,8.72410908664251,37.0865615047388,3.16696306725297
47.8729705620018,1.09163590471854,-1.20640749850435,8.77209869585508,37.444047783133,3.20116861223229
47.840379831348,1.07777189520549,-1.22125977308165,8.8194377869143,37.7918807701886,3.23467180745424
47.8072666602604,1.06285827687608,-1.23575467192733,8.86594449371958,38.1298450270188,3.26743428739621
47.7736370545373,1.04694883703034,-1.2496425969272,8.91037583699637,38.4574100743061,3.29941643124925
47.7395097276941,1.03002436133599,-1.26272457324581,8.9516563999374,38.7734354206556,3.33058265397852
47.7048903174782,1.01214922987704,-1.27551714362097,8.99180083807194,39.0775733852085,3.36090158371002
47.6697776096692,0.993284403945273,-1.28799468841372,9.0267621814829,39.3717405803636,3.39034002414825
47.6341743445249,0.973412111304509,-1.30008049228289,9.06048447650469,39.6568287117931,3.41885991858379
47.5980832808544,0.9525834815879,-1.31183190170923,9.09358853069241,39.9329510779917,3.44642270314542
47.5615164678404,0.930821429473358,-1.32262764098796,9.12347423400868,40.1996006468464,3.47298493504106
47.5244876721761,0.908158384023837,-1.33304672823614,9.15312592444006,40.4562234009055,3.49849801150333
47.4870004459937,0.884677782561476,-1.34299841985534,9.1821867222692,40.7027238285909,3.52291336673907
47.449063426148,0.860454036490064,-1.35248387880955,9.21075958493951,40.9389059969954,3.54618333718793
47.4106819722044,0.835567944491796,-1.3615283697491,9.23808913505403,41.1647758172827,3.56826096271984
47.3718627198005,0.809979917659397,-1.37012566850651,9.26102616146792,41.3820407849613,3.58909810839245
47.3326197212278,0.783644808209717,-1.3779153944679,9.28140746050254,41.5913410027503,3.60864358296766
47.2929679958277,0.756592247833895,-1.38517901692022,9.30139851269587,41.792457016507,3.62684755480047
47.2529188195986,0.728884521726073,-1.39188460427549,9.32098988840495,41.9852704445351,3.64365619672393
47.2124828448616,0.700591475378374,-1.39805845487643,9.34038448405243,42.16973114334,3.65901440894752
47.1716717057019,0.67178521134664,-1.40368075225845,9.3595853238874,42.3458077862814,3.67286793424253
47.1304982664811,0.64253710021552,-1.40873248499903,9.37857954726197,42.5134684717176,3.68516344910717
47.0889766863281,0.612917445861598,-1.41319327081257,9.39732700579291,42.6726845368697,3.69584866218482
47.0471221450496,0.582917446483451,-1.41702032205123,9.41174547659592,42.8245156115644,3.70487165693601
47.0049531746793,0.552490433104307,-1.42010892681921,9.42508719669496,42.9699046872045,3.71217850431696
46.9624895849044,0.521678039584275,-1.42253505798829,9.43818361501256,43.1087301836723,3.71771434363263
46.9197491493122,0.490535431309645,-1.42430881189352,9.45119010235897,43.2409754010113,3.72142116626591
46.8767504371638,0.459128601232771,-1.42541225063666,9.46471966664628,43.3665329798051,3.72324166171167
46.8335039970233,0.427532272756226,-1.42587218914079,9.47850858239689,43.4850616501746,3.72312038722287
46.7900286509776,0.395812477785317,-1.42583844796353,9.4921578632729,43.5966291770714,3.72100330118029
46.7463513976444,0.364036855832564,-1.42536072795385,9.50554666004733,43.7013995908768,3.71683695277542
46.7024898343211,0.332234646320528,-1.42430213194897,9.51671876911062,43.7997667672356,3.71056887087805
46.6584700369486,0.300360789753109,-1.42243277376709,9.52634201494138,43.893020694984,3.70214573080479
46.614317184384,0.268429846215198,-1.41943455332416,9.53560307818036,43.9812645387744,3.69150915747988
46.5700424329259,0.236445290136912,-1.41529783175549,9.54467806947532,44.0645391508973,3.67859814846255
46.5256901551519,0.204459733371212,-1.41024781625298,9.55384739151192,44.1430067229106,3.66335245533727
46.4813086726385,0.172538722888844,-1.40443057461267,9.56303929743743,44.2168006384458,3.64571223684178
46.4369170145155,0.140713496654699,-1.39781819967469,9.57209724791426,44.2859469535224,3.62561862240902
46.3925456053736,0.109017466148273,-1.39030468702997,9.58093826923097,44.3504066493559,3.60301407426689
46.3482254946401,0.0774840597450737,-1.38188113205659,9.58964647008743,44.4101558850527,3.57784251545154
46.3039914800394,0.0461345831002873,-1.37235672693308,9.59683545501971,44.4651587569692,3.55004943073721
46.2598839268605,0.0149133095120941,-1.36178153256674,9.60178330763574,44.5158760357651,3.5195835405325
46.2159377947458,-0.0161813592878204,-1.35022588236785,9.60644683321318,44.5625408456228,3.48639479038381
46.1721895979169,-0.0471288442238574,-1.3376017600869,9.61056189644122,44.6050552425817,3.45043428599683
46.1286789265093,-0.0779160465175806,-1.32390859273038,9.61420061162129,44.6432133610774,3.41165488309066
46.0854430611809,-0.108520083643893,-1.30917237424207,9.6175255834641,44.6769100663607,3.370011059338
46.0425267275973,-0.138949001326955,-1.29292409515845,9.61816562237883,44.7057398067395,3.32545882559696
45.9999850618908,-0.169260386751915,-1.27531920736156,9.61692319110665,44.7287568675738,3.27795908599534
45.95786107169,-0.199443571659303,-1.25661190168455,9.61505633424871,44.7455734457873,3.22747609383639
45.9161941332379,-0.229470947952809,-1.23678237633007,9.61244773951064,44.7559761665044,3.17397129955986
45.8750421792292,-0.259412780288864,-1.21483331042379,9.60352223398955,44.7588263099991,3.11740756775834
45.8344678489978,-0.289358600305083,-1.19170712711437,9.59283269946395,44.7527334895924,3.05775717916177
45.7945096324282,-0.31931857726066,-1.16731850782922,9.57936763208872,44.7377777710186,2.99499627951568
45.755226020293,-0.349364742709728,-1.14094443026814,9.55957012875231,44.7127443916237,2.92910384960304
45.7166807236477,-0.37962555263107,-1.11317068485827,9.5363808839375,44.6756241348985,2.86006925531521
45.6789163316315,-0.41007098392814,-1.0843399789877,9.51166987294881,44.6256075512282,2.78788920807598
45.6419874455654,-0.440797408268704,-1.05273151692574,9.47387995633236,44.5607659787721,2.71256433267722
45.6059988224782,-0.472172519848014,-1.01922857478324,9.42779408999223,44.4761608506444,2.63411531994314
45.5709847144388,-0.504193230252402,-0.984198546996515,9.37441995720324,44.3702416742713,2.55258065920059
45.5370403235067,-0.537217057104355,-0.946521218181909,9.30486758915629,44.2376110333175,2.46801336294518
45.5042058078582,-0.571335066650707,-0.90790570098079,9.22907892100091,44.075209334996,2.38049363911839
45.4725468723408,-0.606773786989611,-0.866721543739809,9.13330271873732,43.8782183331289,2.29011732395085
45.4421203467183,-0.64382730973347,-0.824551006619772,9.02657585511005,43.640951365693,2.19701175882003
45.4129497402485,-0.682531076805138,-0.781122769158397,8.90394114949408,43.3597583391828,2.10132675505711
45.3850941487406,-0.72328890750474,-0.736629322302788,8.76405735647978,43.0272462318653,2.00324068181911
45.3585249543738,-0.765886638806328,-0.692851773887196,8.61817842194267,42.6417028975438,1.90296258574084
45.3332628959668,-0.810526904182674,-0.64831651893907,8.45055746870308,42.1975367865739,1.80071371950924
45.3092865880514,-0.857173454160184,-0.604952094973012,8.27467889543717,41.6907257829851,1.69674657396582
45.2865828495732,-0.906067464926513,-0.560892840564388,8.0674384229965,41.1149956026656,1.5913328536806
45.265139358861,-0.957088537165499,-0.519701090977849,7.86224279260077,40.4667124973516,1.48478187470116
45.2448336621224,-1.00985249385971,-0.479605407924812,7.63988301614671,39.7460217918293,1.37740320587649
45.2257045569681,-1.06422345165588,-0.442139210375518,7.41465564855371,38.9495161271324,1.26951926812832
45.2075712307889,-1.11959176723982,-0.407693307730503,7.19156616439673,38.0799001900181,1.16145440214141
45.1904122273007,-1.17552753593716,-0.375186177072204,6.95493447012521,37.1372484780028,1.05351965220343
45.1741718863575,-1.23152599793401,-0.34600859327449,6.72426409419331,36.1225505921239,0.946030125591918
45.1587420589928,-1.28684241236382,-0.319407916986441,6.49909257966002,35.0390782165599,0.839285297857041
45.1440886091304,-1.34086331107437,-0.295270569600883,6.26866329739287,33.8881509034899,0.733565334642325
45.1301733820387,-1.39310052900981,-0.273443265496791,6.04315210276988,32.6697172682655,0.629148623114943
45.1169367911635,-1.44279924908661,-0.254312127524873,5.82402583899929,31.3865313574062,0.526302974389683
45.1043377726599,-1.48918832310376,-0.237743040166358,5.61124527867374,30.0412753824249,0.42527680211987
45.0923396561636,-1.53164979004884,-0.223393949505353,5.40013598688968,28.6356958270413,0.326303812533492
45.080916181178,-1.56947653888949,-0.211283557767436,5.19989392783455,27.1722219267842,0.229607820933612
45.0700412322107,-1.60187047907275,-0.201134088827714,5.00797436686326,25.6547823747288,0.135394373889236
45.0597036343119,-1.62815502976428,-0.192594684187381,4.82174688076945,24.0866491785702,0.0438479842938988
45.0498979951766,-1.64793676633381,-0.185522468844312,4.62983673089273,22.4711449904002,-0.0448621005880116
45.0406187140829,-1.66129442354334,-0.180094063051796,4.42891798260472,20.8085414620057,-0.13056889040591
45.0318555616562,-1.66798253631088,-0.176290960494087,4.22407330653455,19.1003300993132,-0.213100093851146
45.023589510649,-1.66802567262348,-0.174183304379387,4.01112332815411,17.3528639078189,-0.292291575083633
45.0157977228968,-1.66123692064768,-0.173618023347745,3.79810143506997,15.5699682471702,-0.367993844207019
45.0084466900787,-1.6476879875833,-0.174580475246575,3.57140697300303,13.7587911285843,-0.440065517663617
45.001543953247,-1.62758427536166,-0.175995443416827,3.33651746696985,11.926227549304,-0.50838204741372
44.9950289314996,-1.60142581659551,-0.179033805353317,3.08026975792139,10.0856527169314,-0.57284133738372
44.9888732129705,-1.56971316388623,-0.182946370312994,2.8194420583789,8.2476766789265,-0.633379607879737
44.9830404726297,-1.53291663802419,-0.187660258692686,2.54186033000977,6.42221721427081,-0.68995745598394
44.9774814657246,-1.49174125285905,-0.193712121877988,2.24965978714301,4.6220181043101,-0.742569784301622
44.9721507551239,-1.44738611184429,-0.200173883127252,1.93361918481774,2.86631637717445,-0.791255328567481
44.9670109155828,-1.40050397388805,-0.20640537459393,1.61651293074734,1.16608005562786,-0.836104376899563
44.9620334163732,-1.35203208391219,-0.212720300177278,1.29076552438273,-0.462157289669844,-0.877247082325592
44.9571702114203,-1.30244470477087,-0.219049320223921,0.966321015536666,-2.01234913516018,-0.914855300776594
44.9523875751492,-1.25266167191321,-0.225214005787525,0.640892580179124,-3.47261512290649,-0.949133151833386
44.9476496472792,-1.20298139517795,-0.231376981698684,0.326216471489154,-4.8420342052371,-0.980317209753468
44.9429266910743,-1.15408181430628,-0.237004679990604,0.0132948614513343,-6.11451604400363,-1.0086615165408
44.9381990623499,-1.1062283760429,-0.242664345461065,-0.280875348842369,-7.29167607580519,-1.03444204829312
44.9334281044719,-1.05972326977277,-0.248227006111118,-0.571523731294047,-8.3746061368372,-1.05793671001632
44.9285878637735,-1.01500448275186,-0.253573408301588,-0.847276714605907,-9.36411726271296,-1.07943338732762
44.9236548371713,-0.97217912762125,-0.258698560817669,-1.10834042734532,-10.2664669858004,-1.09921219702462
44.9186122903421,-0.931535934723312,-0.263738513345954,-1.36320759788634,-11.0847762804516,-1.11754115697414
44.9134370466491,-0.893416664526567,-0.268774270370515,-1.60846379078453,-11.8230217340425,-1.13468349803428
44.9081119800044,-0.858086794046846,-0.273813678447705,-1.84440427147282,-12.4860940547224,-1.15089033155794
44.9026253378725,-0.825849133106233,-0.278710416625888,-2.07501987411122,-13.0779111311265,-1.16640155402525
44.8969616101074,-0.797043983740211,-0.284116903758777,-2.29993078627191,-13.6027467111442,-1.18144480433518
44.8911046149865,-0.771990792367592,-0.289623121925785,-2.51924953352768,-14.0650046071086,-1.19623285190374
44.8850444387042,-0.750922868468629,-0.295390310838021,-2.73028955199017,-14.4698173743577,-1.2109624085647
44.8787720353858,-0.733905642496874,-0.301394620781069,-2.93017298810136,-14.8240429226334,-1.22580332499557
44.8722810277298,-0.720875734856952,-0.307629887326749,-3.11847404960807,-15.1354213433642,-1.24089540793418
44.8655675340224,-0.71174779136364,-0.314237780387744,-3.29570062993831,-15.4110096121004,-1.25635489897888
44.8586262717037,-0.706370399911736,-0.32116994872907,-3.46136355934384,-15.657790641068,-1.27227604826296
44.8514544692879,-0.704499422644074,-0.328304590819591,-3.6129387745625,-15.882426909332,-1.28873170992067
44.8440601821832,-0.705798886121478,-0.335746244022172,-3.75253325906032,-16.0915008962656,-1.30577589143489
44.8364338505185,-0.709996777981494,-0.343439919182072,-3.88261034705479,-16.2908060538747,-1.32344313041847
44.8285791892991,-0.716808274835261,-0.351335301524461,-4.00088220041522,-16.4858728693464,-1.34174936576885
44.8205018389561,-0.725847219777442,-0.359404490075407,-4.10943042834976,-16.6808105642941,-1.3606904566018
44.812200956586,-0.736860284305713,-0.367755571678346,-4.21156025505591,-16.8786300822426,-1.38024923531211
44.8036773381123,-0.749628827394676,-0.376310779580558,-4.30814101248709,-17.0818079297239,-1.40039782383065
44.7949322331987,-0.7639427648677,-0.385039283959916,-4.39948540278343,-17.2922129125276,-1.42109918520254
44.7859678391497,-0.779590458867183,-0.393882208295818,-4.48600357100169,-17.5110910357949,-1.44230955617844
44.7767874483178,-0.79636561011912,-0.402800799159002,-4.56801773766834,-17.739197307455,-1.46398052366124
44.767393630106,-0.814046651028745,-0.411649845062096,-4.64428379426171,-17.9767078864586,-1.48606109307835
44.7578028048162,-0.83239712751924,-0.420468821830547,-4.71633868842139,-18.2230874778408,-1.50849990552173
44.7480091869375,-0.85123503342168,-0.42929014373975,-4.78521741269563,-18.4780874982906,-1.53123646411134
44.738021994571,-0.870423149755781,-0.438086624102873,-4.85158496779097,-18.7413378063173,-1.55420709036195
44.7278432456209,-0.889823537242827,-0.446817649008396,-4.91554117068553,-19.0122498323098,-1.57734942068651
44.7174781569333,-0.909313020196472,-0.455463697037165,-4.97742523431342,-19.2900795689361,-1.60060359775248
44.7069296384695,-0.928759649295216,-0.46389255667711,-5.03579124439384,-19.5738520803648,-1.6239130371091
44.6962147922236,-0.948011483331484,-0.472198535567795,-5.09201871954597,-19.8621816236692,-1.64722737270252
44.6853266828176,-0.966982922451873,-0.480422187800461,-5.1472209411974,-20.1542151187664,-1.67046009154156
44.6743105758685,-0.985646906620173,-0.488032555935162,-5.1987040102372,-20.4490117195754,-1.69096659122216
44.6631761001351,-1.00363622222848,-0.4938353317616,-5.23842477239843,-20.743314879907,-1.70714580208678
44.6519972931166,-1.02054616634311,-0.497593975490271,-5.26637133193183,-21.0323044532917,-1.71896318549024
44.6408410360892,-1.03599861104607,-0.499335232904587,-5.28210245695219,-21.3110495803092,-1.72641427316231
44.6297731844715,-1.04966413323147,-0.499087043148639,-5.28645469671513,-21.5746784465723,-1.72952512326215
44.6188402735806,-1.0612730380106,-0.497143789096883,-5.28104578038752,-21.8187312585694,-1.72835021930129
44.6080927786576,-1.07073355656103,-0.494138909534699,-5.26940241039914,-22.0405514126894,-1.72296667187701
44.5975669374269,-1.07805043983858,-0.490105104454822,-5.25225636374523,-22.2387713109451,-1.7134633991144
44.587308173636,-1.0831778962798,-0.484204252369759,-5.22522846630611,-22.4105883862894,-1.69994201832873
44.5773561970899,-1.08579174168984,-0.475473286079615,-5.17952681580996,-22.550970003747,-1.68252664087997
44.567768852719,-1.08555287279554,-0.465087984747841,-5.12288411917861,-22.6545987204388,-1.66137527394487
44.5585968943881,-1.08258648792179,-0.454070533263943,-5.06146226458044,-22.719786100831,-1.63666598561054
44.5498378117809,-1.07695171443123,-0.442052969114151,-4.99082265936122,-22.7448499321054,-1.60858475227899
44.5415113015459,-1.06874688735213,-0.42947789211776,-4.91511898333509,-22.7283782192128,-1.57732829375424
44.5336053810046,-1.05811729671526,-0.416374475116594,-4.83435299576848,-22.6698904858507,-1.54309840755924
44.5261242241915,-1.04524859988655,-0.402947681112064,-4.74856444215553,-22.5693807683103,-1.50609872214503
44.5190588711699,-1.03030144002297,-0.389256014234397,-4.65759065522914,-22.4270385392244,-1.46653334090939
44.5124004540865,-1.01338126764057,-0.375132469808228,-4.55739970826386,-22.2429447811371,-1.42460655249094
44.5061586023245,-0.994481494173158,-0.360691807503649,-4.44775522326648,-22.0163813339451,-1.38052796405527
44.5003175559357,-0.973675592990142,-0.346334505638912,-4.3330028048686,-21.7475356631721,-1.33451351324285
44.494852052526,-0.951148685298507,-0.332167090507267,-4.21429617841983,-21.437847423687,-1.28677769983091
44.4897482567726,-0.927099724162634,-0.318226446470352,-4.09174982809677,-21.0890525619115,-1.23752950502773
44.4849797922531,-0.90169596568498,-0.30477224961798,-3.96526578029658,-20.7029369850201,-1.18697206417862
44.4805219322963,-0.875096024195049,-0.291783345098072,-3.83501501676298,-20.2814448952313,-1.13530251329986
44.4763509783183,-0.847378140154633,-0.278992044736255,-3.69584683374597,-19.8260045795141,-1.08271226651856
44.4724608580127,-0.818503101783923,-0.266683969476785,-3.55141989521961,-19.3367911526198,-1.0293953690324
44.4688131528508,-0.788618604083412,-0.255067103725266,-3.40511860258462,-18.8159485806784,-0.975545249348689
44.4653834569495,-0.757931997481552,-0.244207260564092,-3.25794156549775,-18.2659838702561,-0.921346599212728
44.4621400551367,-0.726639855291322,-0.234127696196861,-3.11048476157594,-17.6894663438287,-0.866974125565493
44.4590531998244,-0.69495254207828,-0.224883863221156,-2.96394684493783,-17.0891524992938,-0.812591722394122
44.456097486073,-0.663111317310382,-0.216474631221812,-2.81918554505778,-16.4681006447993,-0.758350640557988
44.4532463714478,-0.631307767735018,-0.208750507766572,-2.67435261091466,-15.8290981436074,-0.70438885768708
44.4504806306264,-0.59962732725197,-0.201627594050357,-2.52823419173548,-15.17397279476,-0.650835214544842
44.4477816611359,-0.568148163549531,-0.195154707196316,-2.3799429652968,-14.5055361877297,-0.597811776539907
44.4451331714624,-0.536848225149867,-0.189292615466831,-2.23034102094036,-13.8281541755892,-0.545427656881007
44.4425257348195,-0.505778834542602,-0.18389555520576,-2.07919195918475,-13.143828789474,-0.493780919590065
44.4399373724966,-0.474831501205343,-0.178962544668296,-1.92470182590574,-12.4530569218563,-0.442967153512786
44.4373643860376,-0.44400028379726,-0.174599395387428,-1.7692167598873,-11.7565922339844,-0.393082594345327
44.4347925747469,-0.413300218023169,-0.170839242742626,-1.6135681613326,-11.0555065071263,-0.344221195885991
44.4322073905327,-0.382770555687215,-0.167941384637759,-1.45859264981294,-10.3510528684375,-0.296473128856467
44.4296073552922,-0.352440524129639,-0.164733706375572,-1.30417562438875,-9.6442291113097,-0.249923872117869
44.4269737729303,-0.322403011834096,-0.162873828112872,-1.15300657430899,-8.93689580075832,-0.204653761230476
44.4242911500584,-0.292745517794418,-0.161386420761966,-1.00423769957428,-8.23069841013573,-0.160734117383706
44.4215535577753,-0.263492702080839,-0.160385114806031,-0.854986635035821,-7.52809963982804,-0.11822804385854
44.418753819802,-0.234600982996186,-0.159815395427565,-0.70831387889487,-6.83253133327809,-0.0771864456458055
44.4158861952686,-0.206141637690703,-0.159645299395402,-0.565835903374608,-6.14567227076164,-0.0376495635740597
44.4129463330553,-0.178194507740844,-0.159836507525339,-0.427922104298645,-5.469055249448,0.00035096604355976
44.4099313297212,-0.150838320457076,-0.160349351673406,-0.294820702850439,-4.80417247902662,0.0367921507095033
44.4068396319236,-0.124145193096333,-0.161137370620402,-0.166598878073068,-4.15251400078872,0.0716595957592466
44.4036709533641,-0.0981763688183683,-0.16215941614187,-0.0434138226154157,-3.51557910172736,0.104947589342159
44.4004261320641,-0.0729900836792037,-0.163371619348205,0.074602071044117,-2.89466212682409,0.136658553815324
44.3971069305076,-0.0486297037452541,-0.164726776655327,0.18759837183408,-2.29101390427912,0.166802548277801
44.3937160700659,-0.0251099693308934,-0.166188849933857,0.297079583842182,-1.70593384201521,0.195396627027936
44.3902568467681,-0.00238631227969215,-0.167726044781584,0.40227845650537,-1.14119373937546,0.222465507443386
44.3867331433287,0.019518023213304,-0.169298810421535,0.501343620305569,-0.59767995200903,0.248040511844983
44.3831494764087,0.0405762522690829,-0.170895784471337,0.595386734519534,-0.076130690064278,0.272159038683761
44.3795101304315,0.0607983152572533,-0.172498991057871,0.684701657688355,0.423165084172196,0.294862628976494
44.3758196194368,0.0802020208791994,-0.174093256974589,0.769389379315641,0.900063707029283,0.316195455740733
44.3720823900776,0.0988082770288333,-0.175662787558645,0.849526114140777,1.3545419712242,0.3362037165528
44.3683028902072,0.116640637196929,-0.177194594415805,0.925180737756405,1.78669327668989,0.354935103549623
44.3644854457671,0.133723328173244,-0.178679140228151,0.996404825946107,2.19671994601108,0.372438330160931
44.3606340492217,0.150079669764918,-0.180123225648546,1.06321982801331,2.5849321189968,0.38876271602697
44.3567492758045,0.165731124590137,-0.181657771759779,1.12588733732577,2.9517227202609,0.403957785664898
44.3528464183483,0.180725810824379,-0.182573299643736,1.18479116887704,3.29723377378787,0.418073554707342
44.3489218822521,0.195063573238531,-0.183893814759666,1.23885893745783,3.62229086074148,0.431159737282393
44.34497749393,0.208757178778893,-0.185033295192858,1.28889748643313,3.92753760315683,0.443265139031181
44.3410182220399,0.221822263135797,-0.18607780261679,1.33495919283289,4.2136261227627,0.454437929446281
44.3370474689632,0.234271397665971,-0.187034485888731,1.37714813355551,4.48126144330519,0.464725430637193
44.3330682570355,0.246115050687176,-0.187904312511839,1.41559522192831,4.73118794770778,0.474173963205913
44.3290833532307,0.257362316475448,-0.188688513310123,1.45045343273862,4.9641752344268,0.482828716547879
44.3250952811672,0.268021532953939,-0.189389160010769,1.48189308375564,5.18100586072985,0.490733645020459
44.3211063260951,0.278100850691784,-0.190009171137115,1.5100981146031,5.38246468168965,0.497931387145887
44.3171185378519,0.287608719791296,-0.190552196123529,1.53526173565041,5.56932987744909,0.504463204703982
44.313133736199,0.29655427817698,-0.191022456073797,1.5575821940812,5.74236565639062,0.510368939478125
44.3091535182849,0.30494763209401,-0.191424571167786,1.57725876912448,5.90231659416531,0.5156869854664
44.3051792683777,0.312800030730343,-0.1917633919553,1.59448829218027,6.04990347556135,0.52045427460017
44.3012121694539,0.320123945359853,-0.192043847825678,1.60946230514505,6.18582046414756,0.524706274153099
44.2972532162073,0.32693306857107,-0.192270819963665,1.6223649135387,6.31073339327711,0.528476994182497
44.2933032289783,0.333242251743188,-0.192449042460869,1.63337130824808,6.42527896719391,0.531799003459786
44.2893628681295,0.339067398962515,-0.192583031670336,1.64264688383745,6.53006467023617,0.534703452440854
44.2854326484429,0.344425333957145,-0.192677041621434,1.65034685140927,6.62566920352428,0.537220101900035
44.281512953195,0.349333653899341,-0.192735041742998,1.65661623396376,6.71264329563199,0.539377355926242
44.2776040476451,0.353810580758065,-0.192760712408505,1.66159013525136,6.79151076283103,0.541202298059729
44.273706091757,0.357874817706542,-0.192757453629415,1.66539418532592,6.86276972202407,0.542720729444788
44.2698191520495,0.361545415249053,-0.192728402482714,1.66814508325513,6.92689388351727,0.543957207992061
44.2659432125334,0.364841649396915,-0.192676455384102,1.66995117584542,6.98433387028643,0.544935087674692
44.2620781847396,0.367782912447793,-0.19260429202147,1.67091302936858,7.0355185252223,0.545676557236687
44.2582239168809,0.370388615754009,-0.192514398563286,1.67112396742867,7.08085617887085,0.546202677742148
44.2543802022114,0.372678103162806,-0.192409067861365,1.67067056381049,7.12073585787965,0.546533418560815
44.2505467885533,0.374670573147542,-0.19228953931059,1.66963315864699,7.15552841745986,0.546687691153829
44.2467233839288,0.376384987575699,-0.192158744491353,1.66808048699628,7.18558771987515,0.546683378552605
44.2429094022885,0.3778384106655,-0.192023744455195,1.66608583375876,7.21127956645343,0.546537336738128
44.2391045556351,0.379053292660024,-0.191888736479087,1.66386782574656,7.23298018083951,0.546265241513351
44.2353081476993,0.380052361632501,-0.191755386676336,1.66148688143395,7.25104219794192,0.545881527319967
44.2315195678114,0.380857219183315,-0.191623015355706,1.65896261712571,7.26580211471256,0.545399417508695
44.2277382679503,0.381486256147842,-0.191490882535809,1.65628603379635,7.27759490203654,0.544830971144445
44.2239637507702,0.381956863345402,-0.191359286024057,1.65351942138551,7.2867159495753,0.544187153058388
44.2201955658882,0.38228526725337,-0.191227648660172,1.65067197017265,7.2934260237816,0.543477983780938
44.2164333078978,0.382485924205752,-0.191095789178146,1.64775123448884,7.29796273003487,0.542712646599041
44.2126766108994,0.382571689279378,-0.19096369236992,1.64476490893582,7.30054188061747,0.541899582374852
44.2089251433321,0.382554028803429,-0.190831441782574,1.64172186717125,7.3013590595619,0.541046576478533
44.2051786027464,0.382443248337361,-0.190699206160794,1.63863262201167,7.30059131239917,0.540160835475794
44.2014367106813,0.382248717361019,-0.19056723639896,1.63550942074582,7.29839892486389,0.539249052342779
44.197699207915,0.381979076536659,-0.190435856280353,1.63236599201494,7.2949272479823,0.538317459814878
44.1939658500768,0.381642412754604,-0.190305444054667,1.6292170325869,7.29030848776705,0.537371872317374
44.1902364040972,0.381246396758589,-0.190176412733225,1.62607760695354,7.28466340628107,0.536417717598301
44.1865106455033,0.380798382429961,-0.190049190954649,1.62296255309519,7.2781028974643,0.535460059549329
44.1827883567293,0.380305470378124,-0.189924202485806,1.61988590933388,7.27072940700175,0.534503613869357
44.1790693258576,0.379774534160602,-0.189801844546929,1.61686033225119,7.26263814067146,0.533552758367319
44.1753533461074,0.379212218888883,-0.189682479208348,1.61389682622534,7.25391807202223,0.53261153972211
44.1716402159097,0.3786249264017,-0.189566433433225,1.61100468703493,7.24465281089236,0.531683678019741
44.1679297389786,0.378018790778867,-0.189453996565284,1.6081915116603,7.23492133301814,0.530772570029496
44.164221724515,0.377399648086827,-0.189345417636096,1.60546325157308,7.2247985656859,0.529881292031603
44.1605159875541,0.376773003538582,-0.18924090351015,1.60282430322189,7.21435582930781,0.529012602893794
44.1568123494217,0.376143998912747,-0.189140618194672,1.60027763176196,7.20366114217211,0.528168947973101
44.1531106382511,0.37551738274781,-0.189044683359558,1.5978249227523,7.19277940219655,0.52735246428592
44.1494106894936,0.374897485354608,-0.188953180086416,1.59546675547052,7.18177246421188,0.526564987250254
44.1457123463188,0.374288200467079,-0.188866153015005,1.59320281644864,7.17069913787984,0.525808059158227
44.1420154601223,0.373692976783506,-0.18878361458329,1.59103211587765,7.15961513954524,0.525082939357638
44.1383198907283,0.37311481554104,-0.188705545376671,1.58895311406809,7.14857299471578,0.524390616047214
44.134625506604,0.372556274215229,-0.188631896241667,1.58696385442053,7.13762190337138,0.523731819633084
44.1309321850308,0.372019477197612,-0.188562592359691,1.58506210314445,7.12680759520943,0.523107037498318
44.127239812146,0.371506133118134,-0.188497537419765,1.58324547880607,7.11617219419156,0.522516529952604
44.1235482828592,0.371017558079752,-0.188436617579411,1.58151156234313,7.10575410644112,0.521960347077303
44.1198575006556,0.370554703726258,-0.188379705067922,1.57985798288801,7.09558794082896,0.52143834616171
44.1161673776109,0.370118076204318,-0.188326502571746,1.57827179312896,7.08570609265011,0.52095020890245
44.1124778336518,0.369707395869817,-0.188277133423383,1.57675300929302,7.07614353736305,0.520495447017625
44.1087887951537,0.369322601969289,-0.188231451330893,1.57530962387706,7.06692400810881,0.520073420314642
44.1051001953671,0.368963517328959,-0.188189200445742,1.5739405137332,7.05806603379456,0.519683366547277
44.1014119746612,0.368629797774012,-0.188150191568862,1.57264439841981,7.0495842979482,0.519324418654763
44.0977240796506,0.368320954901296,-0.18811425426742,1.57141986004319,7.04148988238011,0.518995620721591
44.0940364627235,0.368036378717932,-0.188081223816155,1.57026537905603,7.03379051644246,0.518695943069628
44.090349081623,0.367775359340857,-0.188050938795716,1.56917936058694,7.02649083152504,0.51842429637991
44.0866618990464,0.367537107511529,-0.188023241350536,1.56816015119365,7.01959261924895,0.5181795447851
44.0829748822555,0.367320773632955,-0.187997977795986,1.56720604712303,7.0130950903108,0.517960517893325
44.0792880023155,0.367125234495746,-0.187975159542821,1.56630296454674,7.00699837913041,0.51776601955471
44.0756012339554,0.36694926867985,-0.187954300649832,1.5654617755612,7.00130101143307,0.51759482837488
44.0719145567274,0.366791951529846,-0.187935396364796,1.5646820186235,6.99599517001148,0.517445715499656
44.0682279524532,0.366652376216913,-0.18791836821626,1.56396200635813,6.99107127563936,0.517317456625641
44.0645414056458,0.366529654801023,-0.187903101867851,1.56329977882846,6.98651832557267,0.517208838852431
44.0608549034539,0.366422919482692,-0.187889473293271,1.56269317318996,6.98232415951334,0.517118666658552
44.0571684355356,0.366331324377003,-0.187877358057949,1.56213987952966,6.97847569190562,0.51704576705138
44.0534819938816,0.36625404724259,-0.18786663440827,1.56163748429647,6.97495911768614,0.516988993946131
44.0497955726329,0.366190291093177,-0.187857184508802,1.56118350416791,6.97176009557525,0.516947231833232
44.0461091679018,0.366139285597785,-0.187848895035231,1.56077541230721,6.96886391099398,0.516919398786772
44.0424227776023,0.366100288193436,-0.187841657526217,1.56041065869187,6.96625562020518,0.516904448865193
44.0387364012906,0.36607258484965,-0.187835368621909,1.56008668597862,6.96392017718676,0.51690137396093
44.0350500519241,0.366055512985801,-0.187829785941713,1.55979872632137,6.96184235381548,0.516909205444732
44.0313637291307,0.366048163734731,-0.187824525834482,1.55953833743569,6.96000510306459,0.516927021456246
44.027677452746,0.366049629280314,-0.187819537427607,1.55930236897464,6.95839067636842,0.516953957263426
44.0239912406195,0.366059061572493,-0.18781480729839,1.55908907027316,6.95698160608668,0.516989207235671
44.02030510818,0.366075697548408,-0.187810314561749,1.55889723667853,6.9557610485477,0.517032023431837
44.0166190691313,0.366098868695029,-0.187806040454077,1.55872586157429,6.95471298377222,0.517081712436328
44.0129331357262,0.36612799838057,-0.187801969109187,1.55857396536454,6.95382232456941,0.517137631424849
44.0092473189412,0.366162593234508,-0.187798086605336,1.55844050836519,6.95307497462988,0.517199183948244
44.0055616286449,0.366202231689826,-0.187794379745534,1.55832435126078,6.95245785129888,0.51726581571075
44.0018760737748,0.366246551507159,-0.18779083506675,1.55822424601147,6.95195888107042,0.517337010515979
43.9981906625178,0.366295237456409,-0.187787438207461,1.55813884687333,6.95156697354124,0.517412286495491
43.994505402483,0.366348009931899,-0.187784173614839,1.55806673400818,6.95127197878153,0.51749119268735
43.990820300859,0.366404614985945,-0.187781024522919,1.55800644379309,6.95106463259259,0.517573306000288
43.9871353645525,0.366464816037471,-0.187777969711572,1.5579565017362,6.95093649359989,0.517658228567904
43.9834506003236,0.366528387316745,-0.187774990254863,1.55791545088964,6.95087987587247,0.517745585467372
43.9797660148197,0.366595108962285,-0.187772073997498,1.55788187808887,6.95088778002995,0.51783502278978
43.9760816146326,0.36666476369262,-0.18776920257653,1.55785444153644,6.95095382428453,0.517926206042499
43.9723974063682,0.366737134851558,-0.187766355742223,1.55783188668909,6.95107217769989,0.518018818808261
43.9687133966775,0.366812005541951,-0.187763513221083,1.55781305791839,6.95123749673517,0.518112561624664
43.9650295922678,0.36688915860224,-0.187760655794159,1.55779690659876,6.95144486726299,0.518207151061715
43.9613459998984,0.366968377236792,-0.187757765273976,1.55778248950869,6.95168975180829,0.518302318966402
43.9576626263665,0.367049446082985,-0.187754826590409,1.55776896790883,6.95196794262631,0.518397811823839
43.9539794784798,0.367132152518247,-0.187751823798902,1.55775560183571,6.95227552071969,0.518493390206311
43.9502965630595,0.367216288044613,-0.187748740546781,1.55774174190287,6.95260882075262,0.518588828297374
43.9466138869187,0.367301649565595,-0.18774556441543,1.55772682040072,6.95296440209876,0.518683913475844
43.9429314568324,0.367388040507672,-0.187742284942237,1.55771034136359,6.95333902543908,0.518778445924255
43.9392492795175,0.367475271784101,-0.187738892811778,1.55769187152283,6.95372963344111,0.518872238261445
43.9355673616194,0.367563162591124,-0.187735379524431,1.55767103194184,6.95413333477147,0.518965115189326
43.9318857097013,0.367651541028572,-0.187731737227352,1.55764749033405,6.95454739097007,0.519056913150917
43.9282043302353,0.367740244544423,-0.187727958607798,1.55762095412057,6.95496920578671,0.51914747999218
43.9245232295962,0.367829120209922,-0.187724036819087,1.55759116428831,6.95539631660299,0.519236674628188
43.9208424140551,0.367918024839366,-0.187719965443335,1.55755789038795,6.95582638761868,0.519324366708264
43.9171618897755,0.368006825005489,-0.187715739133264,1.55752092698887,6.9562572046541,0.519410436281417
43.9134816628021,0.368095396950285,-0.187711353625068,1.5574800900812,6.95668667093034,0.519494773454397
43.9098017390655,0.368183626402074,-0.18770680134018,1.55743521135992,6.95711280316319,0.519577278046772
43.9061221243954,0.368271408263157,-0.187702075292992,1.55738613836755,6.9575337284176,0.519657859250756
43.9024428245248,0.368358646188005,-0.187697169518118,1.55733272963127,6.95794768217251,0.519736435288801
43.8987638450714,0.368445252100389,-0.187692082507364,1.55727485202513,6.95835300674375,0.519812933068715
43.8950851915284,0.368531145701204,-0.187686811213269,1.55721238235105,6.95874814954876,0.519887287846554
43.8914068692743,0.368616253990557,-0.187681352254361,1.55714520755816,6.95913166124964,0.519959442889839
43.8877288835755,0.368700510808925,-0.187675702472159,1.55707322480689,6.95950219363319,0.520029349140155
43.8840512395868,0.368783856404895,-0.187669859081924,1.55699634162689,6.95985849723483,0.520096964885626
43.8803739423496,0.368866237036066,-0.187663819714215,1.5569144761385,6.9601994187698,0.520162255437756
43.8766969967917,0.368947604604458,-0.187657582433017,1.55682755726967,6.9605238984402,0.520225192815794
43.8730204077251,0.369027916325117,-0.187651145748002,1.5567355249109,6.96083096717505,0.520285755436791
43.8693441798448,0.369107134423972,-0.187644508627045,1.55663832997416,6.96111974384218,0.520343927810115
43.8656683177266,0.369185225860279,-0.187637670503805,1.55653593434073,6.96138943245419,0.520399700237078
43.8619928258251,0.369262162068707,-0.187630631279751,1.55642831070179,6.96163931937695,0.520453068513854
43.8583177084719,0.369337918716612,-0.187623391319177,1.55631544230581,6.9618687705406,0.520504033638046
43.8546429698732,0.369412475473118,-0.187615951437142,1.55619732263281,6.96207722864848,0.52055260152023
43.8509686141086,0.369485815787206,-0.187608312881265,1.55607395501629,6.96226421037847,0.520598782699238
43.847294645129,0.369557926673038,-0.187600477309333,1.55594535223235,6.96242930357169,0.520642592061989
43.843621066756,0.36962879850191,-0.187592446763758,1.5558115360709,6.96257216440615,0.520684048569072
43.8399478826801,0.369698424799841,-0.187584223645115,1.55567253690098,6.96269251455512,0.520723174985275
43.8362750964611,0.369766802051238,-0.187575810683333,1.55552839323821,6.96279013833253,0.520759997616759
43.8326027115265,0.369833929508635,-0.187567210911836,1.55537915131876,6.96286487983015,0.520794546053975
43.8289307311726,0.369899809008961,-0.18755842763894,1.55522486468333,6.96291664005291,0.52082685292339
43.8252591585638,0.369964444796745,-0.187549464423388,1.55506559377128,6.96294537406004,0.52085695364483
43.8215879967335,0.370027843354579,-0.187540325049178,1.55490140552446,6.96295108812033,0.520884886196237
43.8179172485845,0.370090013241159,-0.187531013502432,1.55473237300006,6.96293383689017,0.52091069088848
43.8142469168899,0.370150964937175,-0.187521533948589,1.55455857499182,6.9628937206232,0.520934410146466
43.8105770042943,0.370210710699072,-0.187511890711426,1.55438009565685,6.96283088241948,0.520956088298592
43.8069075133146,0.370269264420572,-0.187502088253068,1.55419702414775,6.96274550552205,0.52097577137533
43.8032384463418,0.370326641502154,-0.187492131154268,1.55400945424858,6.96263781066738,0.520993506915464
43.7995698056422,0.370382858727761,-0.187482024095843,1.5538174840134,6.96250805349576,0.521009343780661
43.7959015933592,0.370437934148929,-0.187471771840941,1.55362121540773,6.96235652202662,0.521023331978042
43.7922338115154,0.370491886975615,-0.187461379218031,1.55342075395136,6.96218353420261,0.521035522491168
43.788566462014,0.370544737473437,-0.187450851103889,1.55321620836362,6.9619894355059,0.521045967118932
43.7848995466412,0.37059650686697,-0.187440192408508,1.55300769021079,6.96177459664895,0.521054718321338
43.7812330670687,0.370647217248355,-0.187429408058896,1.5527953135564,6.96153941134157,0.521061829074529
43.7775670248554,0.370696891491113,-0.187418502985386,1.55257919461534,6.96128429413549,0.521067352731839
43.7739014214505,0.370745553168441,-0.18740748210744,1.55235945141242,6.96100967834725,0.52107134289244
43.7702362581958,0.37079322647573,-0.1873963503207,1.55213620344672,6.96071601405958,0.521073853277374
43.7665715363282,0.370839936156794,-0.187385112485002,1.55190957136239,6.96040376620136,0.521074937612598
43.7629072569829,0.370885707433511,-0.187373773413099,1.55167967662792,6.96007341270597,0.521074649517784
43.7592434211961,0.370930565938588,-0.187362337860134,1.55144664122387,6.9597254427475,0.521073042402902
43.7555800307971,0.370974539383972,-0.187350799866607,1.55121042569974,6.95936034153883,0.521070169391532
43.7519170862006,0.371017635085453,-0.187339145319842,1.55097075799864,6.95897846394858,0.521066083691561
43.7482545894532,0.371059863157344,-0.187327385094725,1.55072779349001,6.95858013630003,0.521060839131411
43.7445925419541,0.371101235844936,-0.187315527341543,1.5504817007315,6.95816569921386,0.521054490080635
43.740930944856,0.371141768670707,-0.18730357845524,1.55023265708774,6.95773551204443,0.521047091286741
43.7372697991241,0.371181480653069,-0.187291544739772,1.5499808415761,6.95728995670599,0.52103869766714
43.7336091055505,0.371220394115077,-0.187279432456422,1.54972643002059,6.95682943945835,0.521029364088481
43.7299488647632,0.371258534298696,-0.187267247748937,1.54946959178582,6.95635439155798,0.521019145146152
43.726289077237,0.37129592887874,-0.187254996576384,1.54921048791509,6.95586526894708,0.521008094950698
43.7226297433054,0.371332607434875,-0.187242684666605,1.54894927039171,6.95536255109622,0.520996266928622
43.7189708631722,0.371368600924711,-0.187230317488377,1.54868608223582,6.95484673914041,0.52098371363974
43.7153124369245,0.371403941189119,-0.187217900240533,1.5484210581661,6.95431835346254,0.520970486613822
43.7116544645438,0.371438660510684,-0.187205437853388,1.54815432559098,6.95377793087564,0.520956636209347
43.7079969459168,0.371472791237179,-0.187192934998124,1.54788600573799,6.95322602154425,0.520942211492196
43.704339880845,0.371506365474668,-0.18718039610105,1.54761621477464,6.95266318576814,0.520927260134824
43.7006832690538,0.371539414849095,-0.187167825360167,1.54734506481857,6.95208999073454,0.520911828333691
43.6970271101995,0.371571970330977,-0.187155226761351,1.54707266477475,6.95150700732736,0.520895960745042
43.6933714038762,0.371604062115381,-0.187142604094325,1.54679912096697,6.95091480706602,0.520879700433705
43.689716149622,0.371635719547801,-0.187129960965736,1.5465245375603,6.95031395922963,0.520863088837908
43.6860613469239,0.371666971086156,-0.187117300810853,1.54624901678601,6.94970502820802,0.520846165743295
43.6824069952224,0.371697844289833,-0.187104626902367,1.54597265899428,6.94908857110644,0.520828969268501
43.6787530939161,0.371728365827156,-0.187091942357732,1.5456955625674,6.94846513561838,0.520811535858318
43.6750996423655,0.371758561494492,-0.187079250143548,1.54541782372779,6.94783525816965,0.520793900284691
43.6714466398966,0.371788456240758,-0.187066553079977,1.54513953627573,6.94719946232887,0.520776095653679
43.6677940858048,0.37181807419352,-0.187053853842119,1.54486079128827,6.94655825747171,0.520758153418317
43.6641419793579,0.371847438682946,-0.187041154961648,1.54458167680611,6.94591213768201,0.520740103394291
43.6604903197997,0.371876572262105,-0.187028458828473,1.54430227753101,6.94526158086936,0.520721973782417
43.6568391063533,0.37190549672226,-0.187015767691652,1.5440226745519,6.94460704808184,0.520703791192211
43.6531883382243,0.371934233102952,-0.187003083659404,1.54374294510934,6.9439489829913,0.520685580669356
43.6495380146037,0.371962801697134,-0.186990408700737,1.54346316240746,6.94328781153004,0.520667365726267
43.645888134671,0.371991222052067,-0.186977744646648,1.54318339547539,6.94262394165832,0.520649168374607
43.6422386975973,0.372019512966683,-0.18696509319289,1.54290370907965,6.94195776324404,0.520631009159739
43.638589702548,0.372047692486585,-0.186952455900521,1.54262416368419,6.94128964803814,0.52061290719842
43.6349411486853,0.372075777897759,-0.186939834199937,1.54234481545377,6.94061994973085,0.520594880215803
43.6312930351711,0.372103785719645,-0.186927229393522,1.54206571629687,6.93994900407612,0.520576944587196
43.6276453611692,0.372131731698868,-0.186914642659088,1.54178691394121,6.93927712907376,0.520559115378464
43.6239981258476,0.372159630803917,-0.186902075054366,1.54150845203656,6.93860462520005,0.520541406388226
43.6203513283805,0.372187497221676,-0.186889527519655,1.54123037027849,6.93793177567945,0.52052383019166
43.6167049679505,0.372215344355983,-0.186877000883509,1.54095270454965,6.93725884679118,0.520506398185453
43.61305904375,0.372243184828681,-0.186864495866157,1.54067548707243,6.93658608820612,0.520489120631909
43.609413554983,0.37227103048319,-0.186852013085031,1.54039874656929,6.93591373334935,0.520472006704011
43.6057685008667,0.37229889239072,-0.186839553058808,1.54012250842746,6.9352419997852,0.520455064532375
43.6021238806323,0.372326780859093,-0.186827116212638,1.53984679486629,6.93457108962197,0.520438301249044
43.5984796935268,0.372354705443926,-0.186814702882534,1.53957162510376,6.93390118993368,0.52042172303532
43.5948359388136,0.372382674962298,-0.186802313320553,1.53929701552166,6.93323247319704,0.520405335165631
43.5911926157733,0.372410697508438,-0.186789947698794,1.53902297982784,6.93256509774134,0.520389142053839
43.5875497237047,0.37243878047134,-0.186777606115214,1.53874952921474,6.93189920820972,0.520373147297837
43.5839072619253,0.372466930554165,-0.186765288597067,1.53847667251379,6.93123493602995,0.520357353723817
43.5802652297716,0.372495153795042,-0.18675299510642,1.538204416345,6.93057239989325,0.520341763429585
43.5766236266001,0.372523455589211,-0.186740725544793,1.53793276526261,6.92991170623926,0.520326377828711
43.5729824517866,0.372551840712208,-0.186728479756151,1.53766172189529,6.92925294974611,0.520311197691766
43.5693417047276,0.372580313343917,-0.186716257532979,1.53739128708173,6.9285962138235,0.520296223187485
43.5657013848394,0.372608877093372,-0.186704058619654,1.5371214600018,6.92794157110772,0.520281453924307
43.5620614915586,0.372637535024053,-0.186691882716489,1.53685223830199,6.92728908395692,0.520266888988319
43.5584220243421,0.37266628967952,-0.186679729483975,1.53658361821735,6.92663880494526,0.520252526982217
43.5547829826667,0.372695143109405,-0.186667598546828,1.53631559468752,6.92599077735464,0.520238366062027
43.5511443660293,0.372724096895347,-0.186655489497151,1.53604816146905,6.92534503566268,0.520224403973544
43.5475061739462,0.37275315217706,-0.186643401899533,1.53578131124205,6.92470160602561,0.520210638086579
43.5438684059535,0.372782309678178,-0.186631335292224,1.5355150357135,6.92406050675517,0.520197065429133
43.5402310616059,0.37281156973195,-0.186619289192346,1.53524932571424,6.9234217487882,0.520183682718318
43.5365941404771,0.372840932306513,-0.186607263098526,1.5349841712921,6.92278533614777,0.520170486392415
43.5329576421589,0.372870397029879,-0.186595256493282,1.53471956180053,6.92215126639521,0.52015747264007
43.529321566261,0.372899963214307,-0.186583268846728,1.53445548598241,6.92151953107201,0.520144637428964
43.5256859124107,0.372929629880285,-0.186571299619393,1.53419193204929,6.92089011613084,0.520131976532389
43.5220506802518,0.37295939577972,-0.186559348263618,1.53392888775635,6.92026300235505,0.52011948555517
43.5184158694446,0.372989259418597,-0.186547414227583,1.53366634047234,6.91963816576583,0.520107159957941
43.5147814796653,0.373019219078841,-0.186535496956172,1.5334042772462,6.91901557801669,0.520094995080782
43.5111475106054,0.373049272839425,-0.186523595892975,1.5331426848686,6.91839520677478,0.520082986164299
43.5075139619711,0.373079418596724,-0.186511710483323,1.53288154992982,6.91777701608841,0.520071128371146
43.5038808334828,0.373109654083938,-0.186499840175539,1.53262085887339,6.91716096674078,0.520059416804255
43.5002481248745,0.373139976889827,-0.186487984421908,1.53236059804643,6.91654701658934,0.52004784652622
43.4966158358934,0.373170384476404,-0.186476142680832,1.53210075374623,6.91593512089099,0.520036412575409
43.4929839662989,0.373200874195883,-0.186464314417689,1.53184131226256,6.91532523261256,0.520025109981978
43.4893525158627,0.373231443306716,-0.186452499106655,1.53158225991802,6.91471730272687,0.520013933783182
43.4857214843677,0.373262088988692,-0.186440696231142,1.53132358310354,6.91411128049417,0.520002879035749
43.4820908716076,0.373292808357238,-0.18642890528393,1.53106526831228,6.91350711372895,0.519991940830035
43.4784606773866,0.373323598476803,-0.18641712577008,1.53080730217006,6.91290474905257,0.519981114300204
43.4748309015185,0.373354456373466,-0.18640535720577,1.53054967146273,6.91230413213147,0.519970394635263
43.4712015438264,0.373385379046586,-0.186393599119959,1.53029236316135,6.9117052079013,0.519959777089063
43.4675726041423,0.373416363479765,-0.186381851053703,1.53003536444509,6.91110792077736,0.51994925698855
43.4639440823064,0.37344740665096,-0.186370112561932,1.52977866272112,6.91051221485143,0.519938829741799
43.4603159781665,0.373478505541812,-0.186358383212421,1.52952224564326,6.90991803407534,0.519928490845376
43.456688291578,0.373509657146314,-0.186346662587603,1.52926610112758,6.90932532243176,0.519918235890271
43.453061022403,0.373540858478708,-0.186334950282762,1.52901021736681,6.90873402409248,0.519908060567075
43.4494341705102,0.373572106580674,-0.186323245907613,1.52875458284262,6.90814408356437,0.519897960671766
43.4458077357741,0.37360339852795,-0.18631154908609,1.52849918633561,6.90755544582382,0.519887932108766
43.4421817180749,0.373634731436276,-0.186299859455718,1.52824401693486,6.90696805643969,0.519877970895146
43.4385561172983,0.373666102466721,-0.186288176668135,1.52798906404499,6.90638186168552,0.519868073163572
43.4349309333343,0.373697508830547,-0.186276500388622,1.52773431739287,6.90579680864134,0.519858235164873
43.4313061660778,0.373728947793475,-0.186264830296407,1.52747976703163,6.90521284528558,0.519848453268781
43.4276818154277,0.373760416679394,-0.186253166083944,1.52722540334393,6.90462992057718,0.519838723966617
43.4240578812869,0.373791912873741,-0.18624150745726,1.52697121704489,6.9040479845289,0.519829043871525
43.4204343635614,0.373823433826322,-0.186229854135289,1.52671719918294,6.90346698827192,0.51981940971901
43.4168112621608,0.373854977053728,-0.186218205849568,1.52646334113991,6.90288688411227,0.519809818367433
43.4131885769974,0.373886540141478,-0.186206562344875,1.52620963463084,6.90230762557961,0.519800266797133
43.4095663079861,0.373918120745578,-0.18619492337731,1.5259560717018,6.90172916746872,0.519790752110395
43.4059444550443,0.373949716593996,-0.186183288715848,1.52570264472767,6.90115146587396,0.519781271530121
43.4023230180915,0.373981325487594,-0.186171658140972,1.52544934640917,6.90057447821758,0.519771822398979
43.3987019970492,0.374012945300931,-0.186160031444127,1.5251961697693,6.89999816327176,0.519762402178052
43.3950813918402,0.37404457398273,-0.186148408428485,1.52494310814884,6.89942248117527,0.519753008444976
43.3914612023892,0.374076209556103,-0.186136788906964,1.52469015520117,6.89884739344475,0.519743638891394
43.387841428622,0.374107850118501,-0.186125172704213,1.52443730488737,6.89827286298104,0.519734291322483
43.3842220704654,0.374139493841547,-0.186113559654508,1.52418455146958,6.89769885407111,0.51972496365329
43.3806031278473,0.374171138970605,-0.186101949601573,1.52393188950585,6.89712533238587,0.519715653907072
43.3769846006961,0.374202783824197,-0.186090342399129,1.52367931384232,6.89655226497399,0.519706360212615
43.3733664889411,0.374234426793249,-0.186078737909837,1.5234268196073,6.89597962025229,0.519697080801491
43.3697487925117,0.374266066340174,-0.186067136005478,1.52317440220339,6.8954073679929,0.519687814005612
43.366131511338,0.37429770099787,-0.18605553656612,1.52292205730053,6.8948354793075,0.51967855825428
43.36251464535,0.374329329368596,-0.186043939480591,1.52266978082784,6.89426392662885,0.519669312071444
43.3588981944778,0.374360950122665,-0.186032344645113,1.52241756896646,6.89369268368997,0.519660074072408
43.3552821586516,0.37439256199714,-0.186020751964141,1.52216541814104,6.89312172550114,0.519650842961497
43.3516665378014,0.374424163794383,-0.186009161348832,1.52191332501215,6.892551028325,0.519641617528553
43.348051331857,0.374455754380588,-0.185997572718071,1.52166128646762,6.8919805696499,0.519632396646053
43.3444365407477,0.374487332684144,-0.185985985997337,1.52140929961509,6.89141032816178,0.519623179266263
43.3408221644028,0.374518897694075,-0.185974401118504,1.52115736177319,6.89084028371475,0.519613964418052
43.3372082027509,0.374550448458364,-0.185962818019599,1.5209054704639,6.89027041730063,0.519604751203961
43.3335946557199,0.37458198408221,-0.185951236645082,1.52065362340404,6.88970071101737,0.519595538797472
43.3299815232376,0.374613503726356,-0.185939656944762,1.52040181849749,6.88913114803691,0.519586326439086
43.3263688052306,0.374645006605254,-0.185928078873603,1.52015005382681,6.88856171257225,0.51957711343483
43.3227565016254,0.374676491985349,-0.185916502392324,1.5198983276456,6.88799238984405,0.519567899152076
43.3191446123474,0.374707959183272,-0.185904927466276,1.5196466383705,6.887423166047,0.519558683017729
43.3155331373212,0.374739407564019,-0.185893354065107,1.51939498457354,6.88685402831582,0.519549464514056
43.311922076471,0.374770836539217,-0.18588178216318,1.51914336497449,6.88628496469114,0.519540243177915
43.3083114297198,0.374802245565257,-0.185870211739417,1.51889177843345,6.88571596408554,0.519531018595756
43.3047011969901,0.374833634141558,-0.185858642775797,1.5186402239433,6.8851470162494,0.5195217904028
43.3010913782032,0.374865001808806,-0.185847075258759,1.51838870062278,6.8845781117371,0.519512558279621
43.2974819732798,0.374896348147153,-0.185835509177618,1.51813720770966,6.88400924187349,0.519503321949807
43.2938729821397,0.374927672774522,-0.185823944525133,1.51788574455367,6.88344039872062,0.519494081177319
43.2902644047017,0.374958975344885,-0.185812381297334,1.51763431060991,6.8828715750449,0.519484835764694
43.2866562408838,0.374990255546606,-0.185800819492667,1.51738290543262,6.88230276428475,0.519475585549856
43.2830484906031,0.375021513100707,-0.185789259112264,1.51713152866854,6.88173396051864,0.519466330404255
43.2794411537758,0.375052747759329,-0.185777700159826,1.51688018005132,6.88116515843384,0.519457070231499
43.2758342303173,0.375083959304096,-0.185766142641343,1.51662885939546,6.88059635329576,0.519447804963748
43.2722277201421,0.375115147544556,-0.185754586564186,1.51637756659084,6.88002754091793,0.519438534560878
43.2686216231638,0.375146312316683,-0.185743031938089,1.51612630159687,6.87945871763263,0.519429259008021
43.265015939295,0.375177453481357,-0.185731478774772,1.5158750644379,6.87888988026227,0.519419978313903
43.2614106684479,0.375208570922979,-0.185719927086843,1.51562385519775,6.87832102609162,0.519410692508717
43.2578058105334,0.375239664548013,-0.185708376888561,1.51537267401497,6.87775215284062,0.519401401642816
43.2542013654618,0.375270734283636,-0.185696828195218,1.51512152107826,6.87718325863808,0.519392105784762
43.2505973331427,0.375301780076446,-0.185685281023532,1.51487039662203,6.87661434199623,0.519382805020059
43.2469937134848,0.375332801891163,-0.185673735390855,1.51461930092249,6.87604540178603,0.519373499449158
43.243390506396,0.375363799709386,-0.185662191315306,1.51436823429337,6.87547643721335,0.519364189186475
43.2397877117837,0.375394773528431,-0.185650648815785,1.51411719708208,6.87490744779594,0.51935487435853
43.2361853295543,0.375425723360175,-0.185639107911771,1.51386618966604,6.87433843334125,0.519345555103748
43.2325833596137,0.375456649229954,-0.185627568623033,1.51361521244986,6.87376939392519,0.519336231569507
43.228981801867,0.375487551175507,-0.185616030970145,1.51336426586122,6.8732003298715,0.519326903912438
43.2253806562188,0.375518429245956,-0.185604494973417,1.51311335034835,6.87263124173226,0.519317572296699
43.2217799225731,0.375549283500816,-0.185592960653635,1.51286246637679,6.87206213026887,0.519308236892376
43.218179600833,0.375580114009135,-0.185581428031821,1.51261161442692,6.87149299643407,0.519298897876152
43.2145796909014,0.375610920848493,-0.185569897128487,1.51236079499149,6.87092384135481,0.519289555428915
43.2109801926803,0.375641704104284,-0.185558367964378,1.51211000857294,6.87035466631579,0.519280209734884
43.2073811060716,0.375672463868808,-0.185546840560454,1.51185925568142,6.86978547274383,0.519270860981836
43.2037824309762,0.375703200240582,-0.185535314937258,1.5116085368325,6.86921626219304,0.519261509359393
43.2001841672949,0.375733913323568,-0.185523791114932,1.51135785254525,6.86864703633074,0.519252155058916
43.1965863149279,0.375764603226504,-0.185512269113198,1.51110720334046,6.86807779692401,0.519242798272313
43.1929888737748,0.375795270062288,-0.185500748952429,1.51085658973933,6.86750854582714,0.519233439191754
43.1893918437351,0.375825913947298,-0.185489230651821,1.51060601226247,6.86693928496994,0.519224078009276
43.1857952247077,0.375856535000972,-0.185477714230519,1.51035547142936,6.86637001634696,0.519214714916102
43.1821990165912,0.375887133345278,-0.185466199707295,1.51010496775621,6.86580074200748,0.519205350101205
43.1786032192837,0.375917709104192,-0.185454687100597,1.50985450175415,6.86523146404567,0.519195983753085
43.1750078326831,0.375948262403247,-0.185443176428558,1.5096040739283,6.86466218459158,0.519186616056675
43.171412856687,0.375978793369064,-0.185431667708315,1.5093536847762,6.86409290580238,0.519177247195565
43.1678182911926,0.376009302128969,-0.185420160957095,1.50910333478692,6.86352362985435,0.519167877349198
43.1642241360969,0.376039788810548,-0.185408656191328,1.50885302444014,6.86295435893506,0.519158506694767
43.1606303912966,0.376070253541283,-0.185397153426921,1.50860275420516,6.86238509523639,0.519149135404983
43.1570370566882,0.376100696448176,-0.185385652679678,1.50835252454052,6.86181584094765,0.519139763649237
43.1534441321679,0.376131117657478,-0.185374153964083,1.50810233589351,6.86124659824951,0.519130391593572
43.1498516176317,0.376161517294385,-0.185362657294466,1.50785218869991,6.86067736930837,0.519121019398655
43.1462595129756,0.376191895482728,-0.185351162685122,1.50760208338299,6.86010815627094,0.519111647221746
43.1426678180951,0.376222252344798,-0.185339670148896,1.5073520203538,6.8595389612596,0.519102275215207
43.1390765328859,0.376252588001089,-0.185328179698728,1.50710200001064,6.8589697863679,0.519092903526864
43.1354856572432,0.376282902570107,-0.185316691347092,1.50685202273873,6.85840063365656,0.519083532299985
43.1318951910624,0.376313196168227,-0.185305205105403,1.50660208891056,6.85783150515,0.519074161672945
43.1283051342386,0.376343468909504,-0.185293720985317,1.50635219888502,6.85726240283305,0.519064791779656
43.1247154866668,0.376373720905571,-0.185282238997027,1.50610235300818,6.85669332864818,0.51905542274881
43.1211262482419,0.376403952265536,-0.185270759151119,1.50585255161254,6.85612428449295,0.519046054704724
43.1175374188588,0.376434163095815,-0.185259281457233,1.50560279501755,6.85555527221789,0.519036687766487
43.1139489984123,0.376464353500161,-0.185247805924183,1.5053530835293,6.85498629362467,0.519027322048598
